EmployeeID,FirstName,LastName,BirthDate,HireDate
1,Justis,Izsak,2001-06-17,2009-09-22
2,Erny,Pheazey,1983-05-10,1994-03-10
3,Ardra,Dee,1979-07-27,2004-03-09
4,Eduino,Takle,1980-09-01,2023-09-21
5,Fernandina,Quainton,1993-08-26,2018-05-25
6,Ferrell,Jerratsch,1983-11-30,1989-09-17
7,Tan,Durman,1976-11-23,1989-03-31
8,Caz,Brehault,1980-07-12,1992-03-26
9,Eb,Longina,1986-12-12,2020-09-05
10,Arlina,Slaney,1998-05-17,2024-03-09
11,Ivor,Baleine,1986-08-24,2021-06-02
12,Gena,Goford,1999-04-27,2021-12-10
13,Michale,Myton,1982-12-30,1990-10-17
14,Florette,Crichley,1976-03-09,2004-10-10
15,Anabel,O'Hartnett,1985-07-25,2000-04-25
16,Hewett,Raddenbury,1984-10-03,2018-05-28
17,Deloris,Friett,1982-11-14,1991-08-12
18,Gregorio,Hudspith,1976-06-28,2003-02-01
19,Kinnie,Leaf,1976-03-23,1993-02-12
20,Iolande,Hattrick,1979-06-26,1990-01-05
21,Lars,Skule,1999-02-21,2001-05-15
22,Dionis,Goodding,1980-02-28,1989-05-30
23,Galina,Cordle,1994-02-16,1990-04-29
24,Cello,Krause,1999-08-10,2015-03-24
25,Nedi,Castanyer,1999-01-08,2020-02-13
26,Ciro,Godball,1985-02-09,2019-06-20
27,Marleah,Broscombe,1994-12-09,1990-06-29
28,Adan,Grouer,1988-11-24,2010-05-13
29,Julina,Brisset,1989-08-12,2023-10-20
30,Thia,Croal,2001-08-06,1993-11-14
31,Tabbatha,Andriss,1985-10-31,2011-05-11
32,Barb,Ellicott,1993-02-17,2008-11-12
33,Fara,Franckton,1981-08-02,2013-10-24
34,Angelo,Beyer,1986-09-17,2005-09-12
35,Josephina,Blaes,1996-06-02,2016-05-13
36,Odelle,Kunz,1985-06-27,2012-05-24
37,Brittani,Pothbury,1991-04-16,1991-12-02
38,Leanor,Mewha,1997-03-19,1987-11-23
39,Seline,Pyrah,2001-03-29,1994-11-11
40,Andrey,Gelderd,1981-03-28,2009-03-13
41,Raimondo,Tomczynski,1992-08-23,2001-11-07
42,Eustace,Weldrake,2002-03-09,1990-12-20
43,Darbie,Kemish,1999-07-08,1992-03-06
44,Tonye,Peaseman,1993-09-21,2023-01-07
45,Elena,Pretswell,1978-06-03,1989-06-14
46,Judie,Farran,1996-12-07,2021-08-12
47,Emilio,Keson,1983-02-16,2002-07-10
48,Rosalynd,Gurko,1996-11-25,2018-08-07
49,Veronike,Gentric,1990-11-23,1993-03-13
50,Maridel,Arni,1979-05-27,2013-08-29
51,Carmon,Galiford,1993-12-27,1992-11-20
52,Warren,Brant,1988-10-24,2019-06-17
53,Zacharia,Bark,1986-04-28,2019-01-09
54,Ki,Pond,2000-10-24,1987-12-20
55,Hunter,Broadwell,1997-07-19,2022-08-07
56,Aleece,Bosley,1993-02-11,1993-03-07
57,Genny,Gadeaux,1986-08-15,1994-04-09
58,Elisabeth,Churchley,1983-01-20,1994-08-28
59,Tommy,Bewlie,1992-05-24,2001-10-23
60,Lilias,Brockest,1995-02-22,1996-10-24
61,Zilvia,Stirling,1999-10-22,1995-09-01
62,Seth,Tregona,1996-05-12,2021-06-01
63,Ardine,Dyshart,1988-02-06,2006-02-18
64,Othello,Piercy,1995-02-19,1987-10-25
65,Denna,Bonsey,1991-05-13,2004-06-02
66,Cristobal,Salthouse,1988-03-06,2000-06-05
67,Darnell,O Mullen,1983-04-29,2019-09-23
68,Corrie,Kimmince,2001-07-24,2012-08-20
69,Vitoria,Tures,1990-11-13,1991-01-31
70,Felicdad,Pellew,1989-10-27,2021-08-01
71,Howey,Bukac,1995-11-29,2012-07-07
72,Dione,Longmead,1985-11-26,2005-10-01
73,Nate,Szreter,1983-02-23,2014-02-21
74,Harrietta,Garvin,1990-08-28,2012-02-17
75,Gabrila,Figiovanni,2000-09-03,2004-12-28
76,Jeannine,Fairbairn,1984-06-08,2018-07-20
77,Beau,Eakins,1995-02-21,1988-05-11
78,Micah,Hourahan,1985-06-13,2020-08-27
79,Katusha,Bern,1989-09-04,2016-12-16
80,Belle,Sarge,1998-08-17,2016-07-02
81,Maritsa,Petersen,1981-02-24,1993-10-25
82,Rivalee,Swindles,1998-08-09,2005-03-24
83,Sybil,Kleine,1995-01-17,1989-11-11
84,Jodi,Perel,1997-02-15,2009-09-16
85,Neale,Fierro,1990-06-25,1994-06-23
86,Bobbee,Onyon,1993-09-19,1998-09-25
87,Paquito,Retchford,1991-05-19,2015-06-09
88,Berk,Ever,1981-01-13,2000-05-25
89,Marielle,Taveriner,1978-03-20,2023-05-16
90,Egan,Halworth,2000-09-08,2000-01-28
91,Letitia,Goulborn,1997-11-18,1999-06-17
92,Hermia,Myrick,1989-08-03,2011-06-07
93,Andrea,Moverley,1985-07-19,1995-03-31
94,Chloris,Mackleden,1999-08-12,2013-02-25
95,Roscoe,Houldey,2000-08-25,2010-12-31
96,Roze,Forsey,1993-06-02,2009-06-13
97,Bengt,Grist,1983-04-09,2005-09-15
98,Lorry,Finneran,1979-07-25,1993-08-06
99,Guy,Jeffries,1986-07-27,2021-07-20
100,Sisely,Danilishin,2001-03-16,2015-01-13
101,Lillian,Hufton,1989-09-29,1998-10-18
102,Row,Dod,1983-07-12,2021-01-13
103,Mateo,Kienle,1987-03-29,2018-04-15
104,Lanny,Seamer,2000-11-20,2019-01-07
105,Asher,Brugden,1988-10-31,2022-07-02
106,Geneva,Capner,1989-05-02,2014-06-08
107,Ossie,Borland,1982-02-17,2020-10-22
108,Thaine,Wallwork,1987-03-15,1996-02-29
109,Morlee,Tchaikovsky,1981-03-31,2006-02-14
110,Nannette,Lehemann,1991-12-14,2018-03-18
111,Kennie,Spensley,1977-01-13,2021-11-07
112,Eleanora,Obray,1990-02-18,1987-09-28
113,Berton,Fawssett,1994-09-04,1998-08-22
114,Deena,Dallender,2001-09-04,2022-11-25
115,Fidelity,Truswell,2002-05-25,2023-01-15
116,Rod,Capitano,1994-02-23,2021-12-22
117,Gabey,Garbutt,1997-06-08,1991-11-06
118,Sauncho,Scholling,1999-10-30,1998-02-11
119,Charles,Goldby,1977-05-07,2015-09-10
120,Carmela,Derington,1992-11-22,1997-11-19
121,Eda,Crosskill,1975-10-22,2015-07-07
122,Nicol,Cazereau,1998-01-07,2006-11-05
123,Idalia,Rings,1995-05-20,2012-07-12
124,Caritta,Izkovicz,1997-07-03,1987-11-15
125,Ceil,Denyukin,1980-10-25,2002-06-18
126,Ellswerth,Aggus,2001-04-23,2005-03-26
127,Evangelia,Heims,1977-05-07,1990-12-12
128,Carlene,Cromb,1996-05-05,1999-07-16
129,Cornelius,Wager,1999-04-18,2019-11-28
130,Georgine,Mepsted,1990-03-18,2020-11-17
131,Davidson,Chatain,1986-09-12,2022-11-04
132,Eachelle,Carous,1995-10-05,1992-04-17
133,Meade,Droghan,1989-07-12,1992-12-14
134,Casi,Kellett,1983-01-04,1996-09-06
135,Fabe,Musto,1976-12-26,2017-09-21
136,Bernadina,Gerrish,1986-03-27,2012-05-19
137,Janka,Orwell,1984-08-26,2007-05-12
138,Loutitia,Birdwistle,1982-03-20,1995-07-10
139,Sarita,Callen,1984-10-10,2018-07-04
140,Bryce,Dominec,1998-11-13,1993-06-07
141,Noll,Rudram,1983-07-01,2002-05-06
142,Lek,Clunie,1982-01-18,2011-07-02
143,Ursala,Hoston,1987-01-13,2016-10-31
144,Giorgia,Fordham,1995-08-31,1995-05-21
145,Hillyer,Quoit,1986-11-29,1989-09-24
146,Lind,Barbrook,1991-09-13,1997-04-01
147,Daisy,Roll,2003-05-23,2004-03-01
148,Krista,Attwoul,1976-06-02,2011-12-04
149,Melinde,Sunner,1989-12-10,1999-02-22
150,Tommi,Orgen,1991-06-23,1990-07-01
151,Ryley,Sleeman,1986-12-21,1999-11-13
152,Taddeo,Twinn,1998-08-01,2006-03-11
153,Alfredo,Biggans,1999-07-03,2012-10-12
154,Giordano,Tamplin,1996-02-03,1990-05-10
155,Cally,Ord,1979-07-05,2011-07-24
156,Annissa,Jochen,1988-07-16,2022-12-24
157,Valentino,Shillington,1998-06-04,2021-07-02
158,Charla,Harvison,1993-08-25,2024-03-15
159,Greggory,Pelzer,1998-10-24,1998-11-20
160,Aymer,Lake,1996-01-17,1993-07-05
161,Alfredo,Castanie,1987-12-16,2023-06-23
162,Eadith,Hulstrom,1977-05-12,2005-11-12
163,Johan,Petrichat,2000-03-11,2015-11-22
164,Normie,Gillum,1989-04-26,1990-05-25
165,Giacomo,Drivers,1987-09-10,2019-10-04
166,Gunilla,Bumphrey,1982-02-19,1990-04-23
167,Alvy,Morrissey,1988-02-14,2001-07-13
168,Bernhard,de Quincey,1994-02-04,2009-12-05
169,Christiano,Gheeorghie,1979-11-12,2005-03-23
170,Rubetta,Dudill,1978-12-20,1994-10-22
171,Cristi,Maxfield,1981-05-07,1987-11-18
172,Rodolph,Halls,1990-02-21,2004-03-02
173,Bald,Geistmann,1986-12-15,1995-05-16
174,Cleopatra,Yelland,1989-02-16,2016-03-31
175,Arlin,Macia,1991-04-06,2007-07-13
176,Jameson,Newcomb,1989-10-25,1993-06-04
177,Sheila-kathryn,Swaden,1984-02-02,2012-05-14
178,Gilda,Isherwood,1976-11-15,2014-09-24
179,Deeanne,Smeal,1980-07-08,1993-12-24
180,Linell,Otto,1995-12-14,2005-07-22
181,Ingeberg,Palatino,1985-11-21,1998-09-11
182,Madeline,Redihough,1976-11-17,2024-06-15
183,Ulrica,St Pierre,1977-08-29,2022-03-15
184,Otis,Pesic,1997-11-24,2021-06-03
185,Noami,Gault,1975-09-09,2018-08-10
186,Malorie,Herley,1979-04-20,2008-07-02
187,Bertina,Dewerson,1988-06-26,2014-05-09
188,Taddeusz,Pridden,1998-02-16,2006-08-31
189,Howey,Leese,1976-12-02,1989-10-02
190,Rabbi,Kleimt,1985-12-01,2022-09-01
191,Merrick,Hunt,1996-08-25,2020-06-03
192,Brnaba,Tunnadine,1977-05-09,1990-02-09
193,Noah,Oakenford,1992-11-29,2019-11-06
194,Isabeau,Dressel,1983-06-13,1998-06-28
195,Annabal,Petyanin,1979-11-12,2021-05-02
196,Brigg,Karel,1984-06-10,1987-10-28
197,Vincenty,Finby,1997-06-22,2007-04-25
198,Cinderella,Tieman,2002-06-12,2006-03-10
199,Adler,Stanman,1997-07-18,2019-02-08
200,Tobin,Sibly,1984-05-09,1994-11-22
201,Carolan,Fielders,1982-05-13,2015-05-03
202,Marcille,Ayce,1996-08-10,2024-04-13
203,Allie,Leaver,1990-12-21,1990-02-11
204,Olympe,Gemlbett,2003-07-27,2019-06-03
205,Ambrosio,Tungay,1986-07-04,2010-11-13
206,Natassia,Dalgetty,1994-04-01,2008-04-22
207,Phillie,Blair,2001-11-20,2016-04-15
208,Atlanta,Novik,2002-09-29,2000-12-02
209,Arie,Gorner,1988-08-20,1998-12-04
210,Guthrey,Taberer,1994-01-05,2012-06-20
211,Oliviero,Gully,1978-04-19,1992-09-20
212,Drusilla,Russilll,1997-09-23,2008-02-08
213,Abbe,Whorlton,1991-08-28,1990-07-19
214,Samaria,Kittman,1991-05-26,2004-09-14
215,Alexandrina,Lewsie,2001-05-18,1989-05-13
216,Veronica,Crosby,1982-01-14,2010-11-10
217,Almira,Souch,1990-01-09,2005-10-01
218,Aurelia,Lung,1983-02-19,2019-06-09
219,Gery,Tambling,1996-11-26,2011-11-20
220,Amery,MacLese,1986-10-19,1992-07-04
221,Kandy,Heffernan,1988-06-19,1995-12-03
222,Chiquita,Basilone,1985-09-22,1997-07-11
223,Steven,Espley,1986-01-19,2014-01-16
224,Shellysheldon,Yashaev,1982-12-22,2011-11-18
225,Alfreda,Crowthe,2000-04-22,1995-11-18
226,Deidre,Roose,2001-07-12,1992-02-25
227,Pearle,Isselee,2000-02-05,1992-08-16
228,Alana,Chezier,1976-02-18,2017-07-08
229,Randolf,Pittford,1988-09-05,1999-07-20
230,Simmonds,Frensche,1977-10-13,1989-12-26
231,Sharona,Sale,1977-07-16,1990-06-19
232,Melloney,Kestian,1978-01-11,2015-09-02
233,Cornell,Merricks,1987-02-21,2009-08-18
234,Kippy,Trammel,1984-08-28,2011-04-07
235,Nissy,Wheeliker,1990-11-03,2018-01-21
236,Hugh,Housam,1976-12-11,2021-02-08
237,Neddy,Skerritt,1992-09-15,2007-01-30
238,Fleming,Brattan,1987-10-01,2024-01-14
239,Lethia,Stowers,1997-01-17,2020-11-14
240,Sioux,Manchett,1979-01-01,1999-07-25
241,Yvon,Fairbank,1984-07-26,1998-05-17
242,Beverlie,Huddle,1994-08-15,2013-03-23
243,Lucien,Frid,1982-07-29,1992-12-07
244,Jehanna,Faussett,1999-04-18,1998-11-09
245,Ignatius,Howsley,1986-02-28,2013-08-19
246,Eliza,Daouse,1988-05-05,2014-05-15
247,Nevins,Withnall,1992-03-16,2004-08-07
248,Adams,Stubbins,1980-08-18,2015-05-05
249,Bogart,Joburn,1976-08-11,1989-02-06
250,Mel,Muncer,1978-09-10,2006-10-19
251,Zechariah,Brearton,1976-02-04,1995-09-05
252,Gerta,Feathers,1995-10-14,2018-04-09
253,Nye,McDade,1989-04-29,1993-01-12
254,Jacinta,Tuison,1997-06-25,1991-12-12
255,Daveta,Slocom,1993-10-04,2005-12-15
256,Korry,Raynham,1995-09-01,1988-05-06
257,Wiley,Doodson,1987-08-22,1997-04-08
258,Cybil,Fludgate,2001-11-22,2005-07-10
259,Carlin,Kubik,1999-07-15,2023-02-23
260,Job,Paffitt,1992-10-08,1995-01-10
261,Mariellen,Palfreman,1990-02-13,2005-12-20
262,Hewett,Lloyds,1978-08-08,2011-07-04
263,Noreen,Rubica,1986-10-22,2006-08-20
264,Bili,Amies,1990-07-22,2001-02-24
265,Hasheem,Bernardes,1995-02-25,2008-04-04
266,Bliss,O'Hanley,1997-07-23,2018-04-15
267,Wait,Landeg,1995-03-03,1999-05-11
268,Marquita,Mowday,2000-06-27,1995-10-10
269,Verne,Weepers,1995-02-05,2004-01-27
270,Woodie,Graveney,1991-05-02,2005-08-03
271,Damaris,Mockett,1987-01-15,2016-02-17
272,Franz,Darrigoe,2002-02-03,2012-05-14
273,Emelen,Balharrie,2001-07-27,2006-05-09
274,Jarrod,Grieves,1993-05-27,2011-08-18
275,Ashely,Hatherall,1976-01-19,2015-12-21
276,Janaye,Hatchman,1992-07-04,2011-01-09
277,Kamilah,Jodrellec,1982-04-15,2004-10-04
278,Calhoun,Fullun,1987-09-05,1995-02-24
279,Ariana,Ringsell,1982-09-24,2022-02-17
280,Barney,Syne,2001-07-22,2018-06-04
281,Yurik,Donaher,1991-04-25,2001-02-27
282,Vivianna,Kyles,1998-07-11,2023-03-11
283,Dennie,Briscoe,1996-03-23,1994-02-14
284,Jordan,Merrien,1998-11-24,1988-02-22
285,Lonny,Izkovici,2001-08-04,1997-07-26
286,Parker,Sieghart,1996-07-03,1992-11-22
287,Prisca,McGlue,1994-08-14,1992-06-23
288,Starla,Westmarland,1993-07-27,1993-01-31
289,Dagmar,Hayward,2001-05-26,1992-08-14
290,Ade,Guitte,1983-06-01,1992-11-16
291,Vonni,Mussilli,1984-01-21,2009-07-25
292,Afton,Land,1983-06-04,2022-07-06
293,Charlie,Chatan,1997-03-21,2009-02-10
294,Sheelagh,Ladley,1977-05-31,2010-06-30
295,Catha,Lissaman,1998-07-30,1989-03-19
296,Briant,Guinane,1993-09-08,1991-05-29
297,Daphene,Lomax,1997-01-27,1988-11-20
298,Valentina,Sollett,2000-03-01,2008-11-29
299,Monroe,Tidder,1980-06-28,2001-12-21
300,Shea,Laybourne,1976-12-30,1988-12-28
301,Brittani,Brient,1983-12-13,2001-08-21
302,Cahra,Jakobsson,2001-06-20,1996-01-04
303,Danna,Yu,2001-04-22,1992-07-08
304,Arturo,Championnet,1993-09-25,2017-05-18
305,Mirabelle,Clementet,1986-12-25,2018-10-09
306,Delia,Edgeson,2001-01-01,2005-09-23
307,Agatha,McIlwraith,1984-12-29,2005-11-22
308,Angela,Purton,2002-03-20,2004-11-29
309,Willy,Bare,1989-12-17,1989-07-24
310,Seymour,McGilvra,1975-11-17,2011-09-03
311,Cinnamon,Marsham,1981-02-02,1996-09-14
312,Gisele,Tomadoni,1987-11-16,1994-11-17
313,Alfredo,Chilcott,2001-10-22,2004-04-15
314,Aristotle,Dreigher,1977-09-05,2004-01-21
315,Bronnie,Drewet,1999-05-03,1992-04-22
316,Lindsy,Pashby,1983-11-11,2001-08-17
317,Mace,Hylden,1985-02-18,1996-06-25
318,Aubert,Berendsen,1979-09-02,2013-05-13
319,Bethanne,Laker,1975-08-03,2001-08-06
320,Annalise,Kadwallider,2000-04-05,2005-04-15
321,Candra,Folcarelli,1975-10-14,2022-09-24
322,Sebastien,Ferry,1993-10-21,1995-05-07
323,Shepherd,Fawbert,1999-06-07,2020-12-25
324,Dorette,Girodier,2000-08-25,2006-08-25
325,Brigitta,O'Lynn,1978-11-17,2010-12-12
326,Kellby,Mogenot,1995-10-29,2015-04-27
327,Elissa,Crolly,1996-02-15,2007-05-29
328,Vladamir,Aliberti,1984-06-23,2004-01-02
329,Thibaut,Elsley,1995-03-02,2010-03-29
330,Meris,Grigolashvill,1987-06-12,1998-11-29
331,Zaria,Bremond,1990-02-14,2005-05-01
332,Reeta,McNess,1984-10-26,1989-05-27
333,Grace,Keener,1993-03-25,1989-01-16
334,Daven,Matyushonok,1999-04-27,1987-12-05
335,Niel,Etches,2000-07-15,2006-07-21
336,Nonnah,Artindale,1977-08-26,1994-07-19
337,Nial,Eberst,1990-01-18,1988-06-11
338,Conn,Camelia,2000-11-20,1999-12-28
339,Katee,Tullis,1991-10-28,2019-06-30
340,Cord,McDowell,1979-03-04,2020-09-19
341,Rhonda,Butland,1978-12-09,2006-07-10
342,Mannie,Isacoff,2000-12-11,2024-01-25
343,Hyacinth,Petry,1982-08-29,1988-04-09
344,Sara-ann,Dunsmuir,1995-10-02,1990-10-26
345,Alexandre,Abbess,1999-08-30,1995-02-17
346,Portia,Purcell,1992-09-03,2006-12-25
347,Norma,Kubas,2000-01-02,2008-07-04
348,Corbie,Pinshon,1980-03-20,2014-02-03
349,Dionisio,Ollington,1998-05-04,1999-08-12
350,Sim,O'Sirin,1978-10-09,2018-08-07
351,Sheena,Maldin,1976-06-05,2002-03-03
352,Margot,Grubb,1988-12-03,2014-08-30
353,Aubert,McElvogue,2000-05-18,1996-03-07
354,Christabel,Goldstone,1985-02-05,1998-08-19
355,Alejandra,Carluccio,1976-08-07,1987-09-02
356,Lynn,Weyland,1995-12-10,1995-01-13
357,Orbadiah,Goosnell,1979-07-08,2006-03-26
358,Hertha,Fforde,1985-05-04,2009-05-22
359,Wallache,Minichi,2002-02-12,2022-11-02
360,Thurston,Clemo,1998-03-27,1997-11-22
361,Sean,Jerschke,2001-02-10,2022-02-02
362,Andrej,MacKimm,1996-06-14,2008-12-05
363,Cecelia,Walklott,1986-05-02,2001-03-25
364,Vanna,Kynett,1987-04-28,1990-09-16
365,Hugues,O'Bruen,1988-08-17,1992-08-05
366,Gallard,Tinmouth,1999-03-18,2003-02-18
367,Justinn,Seaborne,2003-03-12,1996-03-16
368,Aurel,Elcoux,2003-05-03,2014-10-18
369,Pancho,Bonson,1988-05-29,2000-01-27
370,Rosana,Caltera,1985-04-24,1993-01-06
371,Devy,De Freyne,1990-10-18,2019-01-03
372,Davie,Bourgaize,1986-12-17,1997-01-02
373,Mahala,Griffey,1988-10-27,2012-04-02
374,Susi,Giron,1987-06-23,2005-11-17
375,Aurore,Oakwell,1981-09-07,2022-02-05
376,Mikol,Linsley,1981-01-13,2008-05-29
377,Georgeta,Egleton,1982-11-23,2019-11-21
378,Letitia,Beames,2002-04-11,2008-05-13
379,Boycey,Ekless,2000-01-12,2020-09-07
380,Peterus,Verriour,1996-10-24,2020-08-27
381,Gibb,Dolan,1991-10-19,1990-08-19
382,Jacquenette,Berwick,2002-07-25,1993-08-18
383,Sydney,Lamke,1984-04-28,1994-11-24
384,Upton,McGeffen,1978-03-27,2015-07-17
385,Marrissa,Varfalameev,1977-12-13,2018-09-07
386,Alex,Nitto,1996-11-25,2008-10-20
387,Town,Varndell,1993-09-16,2020-06-17
388,Wynnie,Chazier,1978-02-15,2024-02-05
389,Nolly,Denerley,1991-01-19,2010-09-28
390,Lawrence,Beilby,1979-11-27,2012-07-23
391,Warren,Joynson,1985-08-05,2015-12-17
392,Hillard,Clementson,1990-02-10,1996-02-27
393,Mata,Boosey,1990-05-15,1990-04-12
394,Carine,Pealing,1990-10-05,1991-05-01
395,Solomon,Rathjen,1977-06-12,1995-12-24
396,Shanta,Phripp,1980-12-29,2015-10-18
397,Darrelle,Simononsky,1982-10-07,1990-10-23
398,Briggs,Lage,1988-02-03,2023-02-27
399,Ursulina,Novotni,1990-09-24,2013-01-06
400,Eziechiele,Oldacres,1991-06-25,2006-04-07
401,Kat,Pole,1996-10-13,2009-11-28
402,Tybalt,Strephan,1988-01-28,2006-07-17
403,Shandra,Crothers,1994-05-13,1998-03-22
404,Kerry,Sennett,1984-04-21,2004-01-04
405,Ambros,Newick,1987-03-07,2020-04-16
406,Lucienne,Canadas,1986-02-11,1998-04-30
407,Casi,Meir,1997-10-22,2011-04-05
408,Philomena,Carlsson,1986-03-30,1999-01-30
409,Loree,Kermit,2000-12-30,2014-09-23
410,Taite,Exelby,1978-09-06,2013-02-28
411,Ole,Bilbery,1995-04-16,1989-12-26
412,Eben,Grimm,2000-02-21,1989-02-08
413,Denise,Briance,1979-05-21,2004-03-02
414,Duane,Greenmon,1983-05-18,2013-08-22
415,Inga,Buckleigh,1998-04-14,2018-11-11
416,Hurley,Ouchterlony,1995-08-17,2006-11-21
417,Alex,Shakshaft,1991-01-28,2014-10-03
418,Maryellen,Oxterby,2002-02-16,1997-03-05
419,Issy,Stagge,1984-04-10,2013-03-09
420,Clerkclaude,Antonias,1996-09-28,2010-08-15
421,Abbe,Caistor,1978-10-11,1993-08-23
422,Gabi,Ainslee,1998-07-18,1995-11-29
423,Saudra,Eke,1982-04-24,2006-10-16
424,Dael,Lochet,1994-02-21,2002-12-18
425,Cindie,Dye,1978-07-03,1988-02-24
426,Arin,Van Der Weedenburg,1999-04-18,1989-12-19
427,Matthieu,Kimmons,1996-04-30,1990-02-03
428,Aidan,Cossom,1977-04-16,2021-05-18
429,Darryl,De Domenici,1976-04-27,2014-06-09
430,Mary,Twizell,1996-05-20,2023-02-01
431,Che,Bendix,1985-03-15,1994-04-21
432,Krissie,Blinerman,1998-09-18,1991-01-04
433,Alon,Caswill,1998-07-31,1988-01-15
434,Magda,Chitson,1981-04-22,2007-12-05
435,Florencia,Yanez,1979-03-31,2004-01-05
436,Fernande,Haveline,1986-04-25,2001-04-03
437,Ruby,Kornilyev,2003-01-04,2022-11-05
438,Lea,Give,1988-11-28,2013-02-27
439,Robinia,Thomtson,1996-10-11,1991-09-22
440,Esther,Sainsbury,1980-01-20,2018-02-22
441,Sophi,Minigo,1998-04-22,1998-07-23
442,Lynelle,Sidaway,1978-03-22,1999-01-12
443,Andra,Glasheen,2000-11-29,1999-05-23
444,Adrian,Malins,1998-08-20,1999-05-09
445,Nevsa,Bachanski,1989-09-21,2016-12-10
446,Rosamond,Rozsa,1981-02-09,1996-06-26
447,Jimmie,Beazleigh,1982-08-24,2000-05-28
448,Roxanna,Stobbs,1988-06-21,2006-10-02
449,Viviyan,Byfford,1987-10-09,2009-04-26
450,Pearl,Titcom,1976-07-08,1991-01-04
451,Shaylyn,Pow,1984-01-04,1999-11-01
452,Abdel,Smurthwaite,1975-10-26,2015-07-21
453,Dulcine,Ashlin,1978-02-25,1993-05-09
454,Emylee,Scatchar,1980-09-17,2012-04-18
455,Johnny,Lympenie,2000-04-27,2017-05-19
456,Alexina,Broady,2000-12-29,2010-09-22
457,Rebecka,Boal,1992-12-10,2015-03-14
458,Evangelin,Methuen,1980-03-27,2022-02-04
459,Sile,Kopisch,1988-05-12,1991-07-08
460,Una,Reddle,1988-08-19,1989-03-09
461,Dwight,Jouhandeau,1980-10-30,2010-01-04
462,Norris,O' Neligan,1977-12-24,2010-05-03
463,Christel,Wollacott,1979-08-24,2007-09-26
464,Harp,Nolton,1996-07-03,1994-01-29
465,Dre,Pinckney,1994-12-04,1989-08-21
466,Cordi,Vina,1983-05-03,2007-03-14
467,Sheree,Jenno,2002-07-25,2009-03-08
468,Katleen,Strangman,1977-03-10,2018-09-22
469,Frankie,Fitzsymons,1984-06-10,1997-10-04
470,Ritchie,Loftus,1989-05-25,1994-07-26
471,Maribelle,Latus,1995-03-09,1991-06-08
472,Charleen,Fante,1976-07-09,2016-09-24
473,Windham,Stonehouse,1999-06-06,1994-01-16
474,Cornell,Glasebrook,2002-05-19,1995-12-09
475,Verine,Riseborough,1990-03-18,2018-01-11
476,Darren,Anscombe,1977-09-07,2009-12-29
477,Elyssa,Wrenn,1989-02-22,1996-02-12
478,Lucille,MacNalley,1977-05-19,2015-01-09
479,Ely,Pitblado,1983-10-04,2009-09-25
480,Mireille,Rider,1984-07-10,2003-08-25
481,Benjamen,McCromley,1985-04-23,2001-09-04
482,Kelley,O'Hartigan,1976-03-31,2010-05-31
483,Henriette,Henworth,2002-12-12,1988-02-21
484,Spense,Ferdinand,1977-11-29,1988-03-28
485,Ax,Panther,1988-09-13,2016-04-05
486,Sela,Bohler,2001-02-08,2010-08-18
487,West,Larby,1990-02-22,2023-02-25
488,Heddi,Filipiak,1995-05-08,2017-12-28
489,Christos,Arnout,1988-06-11,2017-12-20
490,Hoebart,McSharry,1988-03-01,1994-09-06
491,Porter,Semiraz,2002-10-26,2015-02-01
492,Thomasin,Brychan,1983-09-24,2005-07-04
493,Virgie,Coupland,1982-04-08,2011-07-19
494,Domini,Catonnet,1994-02-16,2012-11-22
495,Margret,Mineghelli,1994-12-11,1991-06-04
496,Vanny,Tidcomb,1998-06-07,2014-04-18
497,Alleen,Riddett,1980-11-23,1999-08-20
498,Tabbitha,Vobes,1998-04-12,2022-09-14
499,Electra,Courtese,1982-10-05,1997-10-12
500,Kerwinn,Binden,1997-05-12,2019-09-19
501,Geraldine,Gerrill,1977-12-21,1996-10-20
502,Victor,Roget,2003-06-29,2015-05-28
503,Mary,Snasel,1995-04-04,2008-12-04
504,Skylar,Dairton,1991-04-07,2015-07-02
505,Hendrik,Becke,1992-02-25,1998-01-14
506,Lana,Geeraert,1976-11-11,2021-03-29
507,Nady,Larratt,1996-12-05,1991-05-16
508,Franni,Tree,2000-05-29,1995-01-19
509,Christyna,Giraldon,1989-09-10,2017-05-09
510,Georgy,Masters,1991-11-21,2010-09-08
511,Cullan,Di Franceshci,1997-11-23,2023-05-25
512,Judy,Binion,1985-10-10,1996-03-29
513,Milton,Slinger,1981-12-22,2018-08-30
514,Hazlett,Duding,1981-03-04,2022-01-04
515,Hebert,Hoodlass,1982-02-01,1989-10-03
516,Editha,McMillan,1995-04-09,2005-03-11
517,Ambrosi,Rowan,1977-09-03,1995-02-11
518,Ethe,Bastock,1996-04-29,2012-06-11
519,Koral,McLellan,2002-10-21,2022-12-25
520,Halette,Rodear,1983-06-16,1995-06-16
521,Mattie,Wressell,1992-08-26,1999-09-09
522,Loreen,Kirvin,1997-11-28,2023-03-20
523,Dru,Waples,1991-06-29,2000-06-05
524,Mill,Milburne,2003-02-06,2014-03-16
525,Thaddus,Dermot,2002-11-08,2014-02-15
526,Gloriana,Moodey,1977-08-14,2017-05-11
527,Elijah,Arnal,1987-11-15,2007-11-08
528,Gran,Purser,1978-12-02,1990-12-26
529,Corliss,Stiger,1979-04-11,2013-03-30
530,Frankie,Stocky,1984-07-18,1990-03-31
531,Hi,Alexsandrev,1996-06-28,1995-04-04
532,Jewel,Eggle,1984-10-18,2015-07-01
533,Patrick,Hegg,1983-07-10,1990-06-25
534,Natka,Twelftree,1977-05-12,2024-07-25
535,Audra,Darington,1982-01-11,2005-05-27
536,Becka,Shapcott,1986-08-09,1991-12-16
537,Ketti,Elford,1990-05-13,2021-05-02
538,Sara-ann,Golsworthy,1998-11-13,2004-08-31
539,Frasquito,Calton,1987-09-11,1991-05-31
540,Freida,Gladstone,1996-08-19,2019-05-27
541,Carree,Mulqueen,1979-10-12,2014-04-16
542,Rayner,Pointing,1991-02-14,1991-01-20
543,Rosana,Romaine,2000-01-12,2013-08-01
544,Cindra,Hugnot,1992-08-14,2000-05-16
545,Lydie,Jammet,1983-09-12,2015-07-08
546,Oliy,Aronoff,1986-03-12,1992-02-02
547,Teddie,Peetermann,1988-11-25,1997-05-31
548,Nollie,Reck,1979-05-25,2020-04-29
549,Cal,Van Dijk,1979-09-24,2016-04-01
550,Catherina,Bodycote,1984-07-16,2003-08-27
551,Wilton,Hayley,1975-11-04,2006-01-18
552,Dennet,Swinn,1998-03-05,1995-11-27
553,Leela,Fullilove,1990-10-28,2006-01-06
554,Briana,Ancliffe,1987-06-07,1995-06-27
555,Simeon,Lofty,1985-09-30,2000-04-19
556,Fernandina,Goldby,1986-03-09,1999-08-15
557,Bennie,Friman,1991-10-10,1990-10-23
558,Luci,Melato,1977-06-29,2015-06-30
559,Beatriz,Loveredge,1982-01-21,2014-01-13
560,Ryan,Ollander,1998-09-29,1989-10-19
561,Jandy,Langdon,1978-10-26,2017-12-08
562,Jesselyn,Cromie,1989-03-30,2022-05-17
563,Hewitt,Roscoe,1994-09-21,1989-12-21
564,Tildie,Layhe,1994-05-24,1997-11-22
565,Rocky,Bartosek,1988-12-14,2012-08-02
566,Olav,Gusticke,1998-05-23,2004-04-29
567,Charissa,Struijs,1983-06-14,1988-04-27
568,Karin,Colquhoun,1999-04-12,2008-09-24
569,Alys,Henrichsen,1981-07-11,1991-02-21
570,Krishna,Lotwich,1982-04-30,1990-02-19
571,Sandy,Crame,1976-09-28,2020-06-30
572,Ben,Longhirst,1993-05-16,1992-07-05
573,Merry,Bench,1997-11-08,1990-01-19
574,Aggi,Wales,1998-05-28,2005-10-06
575,Cherey,Lorman,1976-05-02,1990-10-12
576,Ozzy,Lilly,1984-12-15,2020-10-27
577,Peirce,Lyle,1975-12-06,1989-10-18
578,Aprilette,Denness,1979-06-07,2010-09-13
579,Rosene,Greenstreet,1992-11-29,2020-11-02
580,Alfie,Rummins,1991-07-13,2012-03-22
581,Giulio,Devers,1989-06-28,2019-11-05
582,Esther,Voysey,2000-05-18,2006-03-26
583,Justine,Bedingfield,1995-04-10,2022-12-31
584,Pierre,Valdes,1984-07-24,2024-02-16
585,Adelaide,Biesty,2001-01-29,1991-04-19
586,Gaile,Aupol,1996-04-06,2015-09-22
587,Benyamin,Theze,1987-11-27,1994-05-18
588,Willyt,Sappy,1987-12-28,2023-12-12
589,Marrissa,Aldam,1996-05-02,1992-10-11
590,Branden,Dun,2002-03-31,2008-05-18
591,Letizia,Drinkall,1984-05-15,2013-05-18
592,Gayel,Royden,2002-05-11,1990-09-04
593,Annabelle,Bazylets,1994-01-17,2003-08-26
594,Gwyn,Buddleigh,1994-11-03,1993-09-18
595,Arv,Dutch,1980-09-18,2021-11-18
596,Ramona,Ccomini,1989-04-03,1994-12-24
597,Steffi,Loughlan,2003-03-02,2013-09-13
598,Mirabella,Biggs,1977-01-08,2010-05-14
599,Boyce,Hiscoe,1981-09-25,2012-03-10
600,Lilas,Ciobutaru,1994-03-02,2023-12-29
601,Marylinda,McCurrie,1978-06-03,2012-12-02
602,Gabi,Duckers,2001-03-20,2004-01-19
603,Brice,Spur,1995-03-16,2014-06-28
604,Valeria,Dafforne,1983-09-17,2011-12-17
605,Brittan,Itzchaky,1993-03-23,2000-04-25
606,Karen,Murrish,1993-04-18,1996-04-10
607,Janessa,Readshaw,1989-05-21,2024-04-22
608,Davie,Chapelle,1985-03-29,1992-01-25
609,Simona,Siveter,1999-03-06,1995-04-12
610,Whitney,Instone,1993-09-29,2019-08-30
611,Felipa,Attenbrow,1993-01-16,2001-05-14
612,Mirabella,Pickavance,1997-08-10,2010-09-20
613,Robinia,Farleigh,1986-06-20,1995-05-01
614,Nadeen,Attwooll,1984-06-14,1988-05-01
615,Rudolph,Brise,1996-10-07,2007-09-15
616,Whittaker,Avramchik,1982-07-30,1999-02-03
617,Ariel,Blackmore,2000-10-02,2008-11-15
618,Zsa zsa,Dudeney,1990-04-04,1991-02-17
619,Dorthea,Castille,1979-12-31,1988-08-22
620,Harman,Wetherburn,1984-11-29,2023-02-10
621,Ervin,Sackur,1980-03-16,2015-09-23
622,Leopold,Episcopi,1983-01-29,2017-12-09
623,Ajay,Brunelleschi,1976-10-12,1993-02-24
624,Leonerd,Sneezum,1990-02-04,1994-02-23
625,Maxi,Knevett,1987-06-24,2009-05-12
626,Drusie,Winspare,1994-12-27,2021-12-10
627,Joannes,Monard,1992-11-28,2006-07-29
628,Redford,McDuall,1992-04-13,1987-12-04
629,Britni,Bridgen,1996-11-20,1995-02-10
630,Jaquith,Attack,1988-11-19,2003-02-27
631,Juliann,Murfin,1997-03-13,2001-09-11
632,Marji,Belliard,1980-03-27,2014-11-11
633,Franchot,Maltby,1983-02-24,2009-10-23
634,Theobald,Goodwyn,1999-10-18,2016-06-25
635,Foster,Rouge,1979-07-28,1991-01-28
636,Barny,Found,1984-09-02,2014-11-03
637,Gwenny,Kellett,1987-12-15,2018-02-25
638,Harriet,Adel,1987-09-13,1992-07-06
639,Filbert,Whettleton,1988-01-25,2009-09-12
640,Jasmine,Breffit,1981-03-17,2014-01-20
641,Marlyn,Hugues,1999-05-17,1988-07-06
642,Emiline,Bayford,1975-08-02,2013-12-16
643,Timmie,Cheke,1978-01-01,2024-03-01
644,Teodora,Castello,1988-08-27,2019-07-21
645,Waylen,Harbin,1998-09-11,2015-02-16
646,Tabbie,Sturrock,1992-01-01,2004-05-03
647,Rodger,Henriquet,2002-08-19,2007-08-16
648,Genvieve,Purvis,2000-12-25,1995-12-20
649,Hendrik,Amis,1993-08-17,1997-03-28
650,Budd,Hagstone,1985-05-09,2008-04-12
651,Rik,Skettles,1992-09-14,2021-01-29
652,Margery,Nancekivell,1995-06-23,1994-10-13
653,Whitney,Lampart,1993-07-10,2008-03-04
654,Farley,Penhallurick,1994-05-02,2014-02-02
655,Chandal,Joppich,1987-08-30,2014-01-27
656,Nikolaus,Costley,1978-12-26,2009-01-21
657,Paolina,Hyslop,1988-03-31,2007-03-02
658,Lesly,Tessington,1987-10-10,2012-11-21
659,Kalie,Lazenbury,1992-02-24,2023-05-14
660,Maynord,Skunes,1992-06-19,2003-03-12
661,Nappie,Falls,1988-10-19,2015-07-03
662,Libby,Piddle,1984-10-07,2022-03-29
663,Sybilla,Bagnal,1982-05-21,2018-05-11
664,Amy,Degli Abbati,1978-12-27,2017-10-05
665,Kev,Peaden,1981-11-16,2015-03-05
666,Rivy,Greenhow,1978-01-18,2024-06-17
667,Dermot,O'Dunniom,1996-03-03,1992-04-01
668,Marian,Brittoner,1983-08-02,1990-04-16
669,Thane,Leyburn,1988-07-12,2014-11-15
670,Merissa,Fontel,2000-01-05,2013-03-15
671,Denver,Inglesfield,1979-06-14,1997-04-26
672,Gianna,Fennelly,1988-07-01,2015-10-30
673,Tuesday,Ivatts,2002-06-11,2007-09-15
674,Deina,Frain,1984-06-14,1997-07-12
675,Hansiain,Norwich,1985-09-28,1994-02-25
676,Vern,Jannaway,1999-04-16,1991-03-05
677,Jonah,Akid,1986-01-16,2008-08-15
678,Zonda,Molan,1978-01-06,2024-06-09
679,Roobbie,Keavy,2003-07-18,2023-10-04
680,Fidole,Hallitt,1985-01-09,2018-02-24
681,Bartholomeo,Firmin,1997-02-02,2010-12-15
682,Brodie,Bloxam,1979-06-29,1999-10-03
683,Holden,Dain,1986-03-31,2010-07-14
684,Buddy,Kennedy,2002-11-29,2011-05-29
685,Fernande,Trunby,1975-09-14,2012-03-24
686,Kristoffer,Formby,1997-01-10,1993-11-23
687,Giffer,Gilks,1982-02-08,2019-08-15
688,Hodge,Letherbury,2000-07-20,1993-09-24
689,Danielle,Wetherburn,1983-10-09,1990-07-15
690,Benjie,Tarbert,1977-10-27,2008-07-31
691,Jobie,Plan,1988-10-02,2010-04-16
692,Perri,Rushbury,1976-06-11,2001-05-15
693,Aloise,Kyteley,1995-06-04,2015-06-28
694,Filmore,Davidman,1995-05-04,2018-01-26
695,Donia,Eden,1991-12-05,2021-02-22
696,Farr,Coverdale,1990-02-20,2007-09-06
697,Carmita,Bavin,1982-08-30,2021-01-07
698,Shellie,McAreavey,1982-11-18,1997-09-11
699,Talia,Draycott,1988-07-02,2003-08-04
700,Charmian,Wellard,1982-04-23,2020-09-13
701,Benny,Heardman,1991-11-28,1998-10-22
702,Danit,Honeywood,1977-06-28,2010-03-11
703,Webster,Bachelar,1983-03-09,1996-06-10
704,Mart,Tolwood,1975-11-01,1987-12-06
705,Mitch,Degg,1992-10-31,2010-01-23
706,Faythe,Camillo,1992-03-11,2006-11-23
707,Steward,Griffitts,1989-10-14,2023-11-12
708,Joelynn,Kapelhoff,1976-09-27,2001-10-22
709,Donovan,Dobbson,1987-06-16,2001-07-16
710,Dominique,Izakov,1977-11-11,1998-09-11
711,Yule,Heggman,1998-07-09,2020-01-24
712,Jillie,Pundy,1981-01-02,2009-04-26
713,Kirby,Bouchier,1980-10-13,2019-09-25
714,Winonah,Peyntue,1985-11-15,1993-10-06
715,Maureene,Lemm,1980-11-06,1988-11-01
716,Caril,Gladdifh,1988-08-21,2019-03-12
717,Berna,Spuffard,1995-12-26,1989-03-19
718,Hewett,Gosling,1997-08-19,1994-04-12
719,Pammi,Abbiss,1979-06-17,1989-12-19
720,Olvan,Kender,1982-02-02,1996-06-06
721,Charley,Bonds,1985-04-24,2003-11-18
722,Morna,Champagne,2000-01-18,1991-11-25
723,Tamqrah,Findon,2001-09-13,2003-09-29
724,Milton,Ties,1994-03-25,2010-02-17
725,Teressa,Arnow,1978-04-11,2000-10-19
726,Tildy,Temple,1977-09-08,1998-02-18
727,Yvonne,Mattusevich,1989-10-02,1988-08-20
728,Isabella,Sprasen,1999-04-01,2013-04-21
729,Wilfred,Selby,2002-04-07,1994-09-27
730,Guillermo,Minithorpe,1977-03-12,2004-10-11
731,Yovonnda,Grigore,1995-09-10,2022-01-05
732,Giffer,McSherry,1982-09-18,2022-11-04
733,Chastity,Antczak,1983-10-06,2018-09-26
734,Stacy,Linnett,1996-12-08,2017-04-19
735,Alika,Dewbury,1993-08-05,1994-02-11
736,Bee,Erswell,1990-10-09,2015-11-14
737,Francisca,Jurczik,1995-10-02,2009-07-08
738,Brett,Mountfort,1996-08-13,2008-10-16
739,Myles,Sproat,1994-01-05,1997-06-22
740,Herminia,Newband,1995-10-31,2004-03-03
741,Chandal,O'Doherty,1989-02-26,1995-01-30
742,Ban,Shingler,1991-10-20,1990-10-18
743,Micheal,Torbeck,1999-10-01,2001-12-03
744,Rosco,Dayborne,1990-01-23,2019-02-23
745,Andriana,Sterrie,1978-06-05,2006-03-01
746,Timmy,Sodor,1982-12-03,2023-11-08
747,Grady,Garnsey,1983-02-24,2020-06-12
748,Antonetta,Clitheroe,1996-01-30,2023-08-08
749,Felic,Easeman,2001-05-19,2022-11-12
750,Sophie,Vegas,1982-08-25,2017-04-02
751,Yolande,O'Rowane,1993-08-26,2016-08-11
752,Mel,Harper,1977-02-15,1998-09-16
753,Geno,Celiz,1996-01-21,2022-09-10
754,Sunny,Lightewood,1992-07-06,2003-11-03
755,Emma,Jirak,1983-05-28,2001-01-13
756,Jud,Lowless,1983-05-31,2023-12-25
757,Gardener,Treacher,1998-05-24,2018-12-10
758,Dave,Baybutt,1997-12-16,2012-11-11
759,Dolores,Collinwood,1984-07-11,2017-01-10
760,Truman,Georgievski,1978-10-27,2010-03-02
761,Gasper,Bust,1982-07-09,2023-08-04
762,Herrick,Sedger,1987-09-22,2019-07-07
763,Weber,Hearley,1987-05-24,1991-02-02
764,Chrysler,Adamovitch,1980-10-10,1998-08-13
765,Selie,Tofanini,1978-09-03,2012-05-01
766,Britt,Mapledoore,1991-02-21,1997-02-15
767,Teodorico,Crighton,2000-12-18,2016-10-08
768,Skelly,Vsanelli,1989-03-13,1989-12-17
769,Marysa,Batrim,1995-07-01,2018-03-28
770,Catlaina,Gerhartz,1997-01-14,2024-02-09
771,Vanessa,Smithson,1991-11-11,2011-08-31
772,Smitty,Fidal,1993-02-27,2023-11-08
773,Terza,Gibling,1997-02-22,2004-05-30
774,Sonnie,Dundridge,1984-01-31,2013-02-05
775,Mel,Venard,1989-12-13,1992-12-05
776,Hieronymus,Kisting,1995-10-29,2018-09-17
777,Stern,Matzeitis,1988-01-14,2012-09-30
778,Mattie,Judge,2002-11-19,2014-11-22
779,Maxine,Bootton,1983-02-02,2004-04-11
780,Roderigo,Shorland,1986-03-22,1991-10-28
781,Deanne,Eagell,2002-10-15,2007-03-01
782,Humfrey,Swinley,1987-05-08,2000-05-16
783,Janina,Matheson,1977-01-16,2017-01-19
784,Sibley,Crandon,1994-07-13,2010-04-27
785,Sherri,Tonnesen,1981-06-06,1996-06-17
786,Barbi,Pavolini,1979-05-09,2008-06-16
787,Shirley,Bastow,1979-08-18,2020-06-15
788,Kattie,Loughren,1996-09-11,2023-01-18
789,Marchall,Croasdale,1997-12-03,1998-01-09
790,Lonny,Lawlor,1979-01-14,2010-03-25
791,Codi,Bulfit,1985-02-04,2017-11-20
792,Rudy,Duffield,1978-10-10,2021-10-05
793,Calida,Hulburt,2002-04-01,2024-03-11
794,Arlyn,McIlmorow,1980-08-01,1995-09-06
795,Giulietta,Pudden,1978-11-28,2006-02-28
796,Harriett,Fergusson,1983-05-09,2004-06-04
797,Venita,Childers,1990-10-25,1996-05-24
798,Mareah,Ardley,1994-11-10,1991-03-03
799,Jeremy,Clinnick,1996-08-26,2012-01-17
800,Kalie,Perillo,1993-01-09,2005-09-14
801,Shamus,Lehrle,2001-11-29,1990-07-18
802,Mathew,Dullard,1999-06-20,2019-08-18
803,Alfonso,Stolz,1989-09-30,2023-09-26
804,Royall,Cloonan,2003-07-13,2014-04-06
805,Pris,Tinner,1984-06-11,2022-04-18
806,Thibaud,Burhouse,2002-02-15,2010-11-11
807,Eba,Humpherson,1991-05-30,2014-07-15
808,Willis,Booker,1978-10-30,1990-02-17
809,Faustine,Cunde,1996-08-02,1997-08-07
810,Renie,Roblin,2000-06-17,2013-05-01
811,Rog,Gogie,1977-09-17,2020-09-28
812,Vania,Pender,1986-04-03,1990-12-27
813,Colly,Ruck,1979-10-08,2022-11-08
814,Elena,Schaffel,1993-07-02,2010-01-01
815,Guntar,Eccles,2002-11-30,1995-04-24
816,Tonnie,Cymper,1983-05-08,2017-01-15
817,Antoine,Luttgert,1981-02-12,2017-10-01
818,Reba,Reolfi,1991-08-24,2020-07-19
819,Lillian,Laurance,1987-12-02,1999-08-16
820,Abagael,Ratnege,1989-12-30,2009-03-30
821,Oralla,Corness,1994-06-02,2006-03-03
822,Doloritas,Thynn,1983-09-10,2012-09-14
823,Myrah,Goly,1991-05-28,2021-10-15
824,Heloise,Meadows,1991-12-30,1987-12-06
825,Christen,Gorries,1981-05-10,1997-12-14
826,Farra,Ficken,1984-07-31,2003-07-02
827,Effie,Lynskey,1976-04-27,1996-02-20
828,Marya,Maxfield,1998-07-08,1995-03-22
829,Josephine,Zmitrichenko,1991-06-24,2005-05-02
830,Nicholle,Gavrielly,1996-10-08,2006-06-18
831,Lindsay,Paice,1981-04-07,2003-02-28
832,Clayborne,Strattan,2000-04-11,2012-09-06
833,See,Tremollet,2000-05-24,2020-08-22
834,Neel,Danjoie,1990-10-09,2008-10-22
835,Cointon,Backler,1985-12-30,2010-11-18
836,Elwyn,Markwell,1987-06-12,2017-02-11
837,Godart,Kaser,2002-12-25,1991-01-06
838,Douglass,Asling,2000-05-20,2001-05-17
839,Becca,Bramer,1988-04-18,2003-07-15
840,Siouxie,Discombe,1995-07-15,2010-08-08
841,Heddi,Caulfield,1985-06-30,1996-11-13
842,Roxy,Bourgourd,1976-09-03,2022-08-02
843,Rica,Earles,1990-12-14,2021-05-05
844,Ario,Brinsden,1981-02-10,2021-01-07
845,Quinlan,Cake,1991-08-11,1987-11-10
846,Rod,Smees,1999-11-04,1988-06-26
847,Drona,Billes,2003-01-03,2012-03-16
848,Orly,Rosenwasser,1998-05-22,2003-10-09
849,Linc,Lant,1998-09-18,2016-10-16
850,Base,Lob,1989-01-23,2000-10-18
851,Woodman,Willoughby,1990-02-08,1988-02-26
852,Berta,Clynter,1977-12-26,1996-09-29
853,Herbert,McCulley,2003-06-19,1990-06-12
854,Fredek,Garrelts,1989-11-21,2003-05-09
855,Claudianus,Novotni,1991-08-06,1994-09-19
856,Tymon,Essame,1984-02-27,2014-12-12
857,Eleanora,Batchan,1991-04-21,2010-09-13
858,Marcile,Kellen,1990-02-18,2008-09-02
859,Alicia,Harrowsmith,1983-09-22,2013-06-01
860,Rachele,Ingerman,1992-12-01,2004-03-13
861,Belita,Schimpke,1983-01-15,1996-06-30
862,Inna,Moulster,1991-11-23,1995-12-12
863,Cecelia,Yersin,1977-10-04,1989-08-23
864,Archy,Fownes,1985-09-13,2014-12-18
865,Lilli,Kingcote,2002-03-16,2018-12-04
866,Denise,Matushevich,1982-07-24,1999-09-03
867,Sibilla,Kettleson,1994-06-11,2012-08-01
868,Robert,Galtone,2003-03-25,2004-08-12
869,Reinhold,Demchen,2003-02-15,2007-04-18
870,Yetta,Jouanny,1977-03-16,2013-12-22
871,Rourke,Tomaszewski,1983-03-15,2018-11-04
872,Peadar,Dominka,1981-11-10,2016-07-27
873,Cullin,Debow,1982-06-15,2008-11-02
874,Elianora,Redborn,1987-01-31,2011-06-24
875,Glenn,Heinz,1994-04-30,1996-07-14
876,Elwood,Fearnside,1978-12-02,2011-04-30
877,Flossie,Dirkin,1987-02-15,2009-11-19
878,Peter,Denisyev,2000-07-22,1997-12-23
879,Ody,Mintoft,1983-06-09,1991-07-30
880,Kellen,Kimbrough,1990-04-23,2022-09-17
881,Dena,MacGettigen,2002-01-19,1993-07-05
882,Marnie,Gentil,1999-02-22,1990-06-21
883,Judi,Greetham,2001-10-23,1989-12-02
884,Kitty,Fountain,1977-02-27,2021-10-13
885,Anatola,Ohrt,2001-05-21,2008-11-15
886,Emory,Pack,1982-07-22,1989-07-08
887,Dyana,Machans,1992-12-24,2017-10-02
888,Miles,Gravenall,1992-02-29,2010-07-30
889,Edd,Barth,1986-01-02,1991-02-20
890,Ketti,O'Brogane,1991-04-08,2014-08-17
891,Christian,Espinel,1987-01-26,2012-10-11
892,Kelsey,Axtonne,1994-01-15,1988-06-29
893,Court,Kinnerk,1985-05-05,2016-09-03
894,Ashia,Pinhorn,1987-01-02,2002-02-05
895,Broddie,Obeney,1984-03-29,1996-08-21
896,Clem,Kerbey,2000-08-16,2009-01-20
897,Teresa,Hallgarth,1982-04-23,1990-03-01
898,Vickie,Dodman,1985-11-16,2018-06-22
899,Vanya,Kinde,1984-08-14,2014-06-14
900,Paddy,Fruchon,1999-01-25,1988-06-03
901,Chan,McGuiness,1975-12-21,2016-07-13
902,Moll,Brake,1985-08-15,1991-03-10
903,Teddy,Longcake,1997-05-16,2018-06-11
904,Bab,Comberbach,1993-07-16,1995-06-08
905,Dur,Prime,1985-09-24,2017-05-08
906,Aurora,Stych,1996-07-08,2002-06-12
907,Staford,Hyde-Chambers,1982-11-13,1991-02-10
908,Maud,Spalding,1993-10-20,2018-04-29
909,Meggy,Weatherup,1977-10-25,2022-08-02
910,Valida,Coggan,1981-10-03,2008-08-13
911,Kevan,Baradel,1984-01-25,2020-12-17
912,Stacie,Tritten,1977-12-20,2013-06-16
913,Eliot,Peachment,1993-06-11,2002-03-20
914,Sherlock,Mallabon,1983-07-26,2019-10-12
915,Kiri,Kirkland,1997-11-18,2014-12-21
916,Melantha,Kingsland,1995-07-12,2019-06-15
917,Cybil,Paoloni,1988-06-05,2003-12-27
918,Rafa,Byrcher,2000-09-11,2003-10-22
919,Livvyy,Hanselmann,1980-02-11,1990-09-21
920,Kristopher,Pernell,1988-01-05,2023-10-26
921,Ester,Brame,1985-03-27,2012-03-24
922,Nonna,Killiner,2002-07-02,2009-01-03
923,Jeralee,Laugharne,1990-02-10,1996-10-11
924,Roxy,Szymanek,1993-02-16,1990-10-19
925,Keary,Dusey,1983-12-30,1996-07-12
926,Dwight,Motte,1990-09-28,2014-07-09
927,Jeffry,Hargerie,1979-02-12,2006-03-24
928,Prissie,Shalcros,1986-12-12,2008-03-08
929,Georgine,Blackeby,1997-09-04,1991-01-08
930,Domingo,Clow,1999-09-03,1996-06-22
931,Shirleen,Asaaf,1983-12-17,1992-10-21
932,Arielle,Brezlaw,1989-01-29,2006-12-23
933,Nan,Jaynes,2001-10-03,2015-07-17
934,Carla,Dagworthy,2000-08-10,2011-06-09
935,Bobine,Maryan,1989-03-15,1988-11-10
936,Margie,Casseldine,1982-10-22,2003-08-18
937,Jenica,Hune,1984-10-16,1989-12-05
938,Dusty,Rosekilly,1981-10-15,2023-03-09
939,Kellen,Menat,1995-07-10,2010-07-07
940,Morie,Teggin,1977-03-05,2011-05-28
941,Killie,Boler,1981-10-13,2021-10-25
942,Modesta,Grayson,1978-09-26,2010-04-10
943,Sophi,Brydone,1994-06-27,1989-04-05
944,Constantin,Flack,1976-01-19,2016-05-20
945,Tish,Trewman,1998-09-21,1988-04-25
946,Patsy,Harbach,1976-01-09,2004-09-26
947,Ramonda,Chasson,1986-04-02,1994-10-24
948,Olga,Jobey,1989-03-16,2020-09-24
949,Risa,Trumpeter,2000-12-05,2023-09-07
950,Deane,Allcorn,1996-02-26,2024-02-21
951,Tate,Boij,2001-10-17,2017-04-22
952,Douglas,Tranfield,1999-10-11,1992-04-21
953,Bond,Correa,2001-09-05,2016-06-28
954,Catha,Gaffon,1995-12-28,1990-06-05
955,Erma,Oliveti,2000-11-03,2012-12-11
956,Jacenta,Tilio,1995-10-13,2016-05-23
957,Debra,Brownrigg,2002-11-11,2023-06-08
958,Vera,Arnall,1987-05-16,2021-11-28
959,Frankie,Berrow,1976-08-05,2015-06-16
960,Rory,McCracken,1994-09-25,2023-12-09
961,Madel,Skedgell,1994-08-13,1999-06-03
962,Quent,Oats,1993-01-16,2005-04-18
963,Chery,MacShirie,1978-12-28,2004-05-05
964,Frayda,Turbat,1998-06-09,2005-03-01
965,Ari,Drury,1989-08-27,1999-02-02
966,Janos,Pearce,2000-08-19,2014-11-29
967,Bevon,Storks,1998-06-22,2013-10-06
968,Lizbeth,Jacketts,1981-09-23,2017-03-16
969,Leila,Osbourne,1999-03-21,2008-07-21
970,Nerty,McElhargy,1980-06-23,2023-07-31
971,Portia,Dadson,1982-11-24,2020-01-25
972,Reinhold,Wheaton,1977-02-23,1988-12-25
973,Helen-elizabeth,Lile,1980-06-13,2003-05-11
974,Carry,Duffin,1993-11-24,2016-03-07
975,Ewan,Menat,1998-03-06,2017-11-24
976,Nichole,Neeves,1976-12-19,2001-10-19
977,Abbi,Netherclift,1998-04-27,2008-09-22
978,Lanae,Limpkin,1984-10-04,2017-09-01
979,Alix,Attock,1975-12-20,2009-12-25
980,Vernor,Grancher,1978-10-06,1999-02-19
981,Eartha,Morpeth,1990-12-07,2008-08-07
982,Giuditta,Jeskins,1990-02-05,2005-07-18
983,Kessiah,Yaakov,1982-05-10,2001-08-13
984,Norbie,Marusyak,1991-03-19,1999-04-08
985,Mandie,Inger,1992-07-03,1988-12-01
986,Pip,Bend,1994-09-13,1989-12-24
987,Mirabelle,O'Luney,1998-04-12,2012-03-08
988,Mead,Dewen,2001-05-02,2020-08-12
989,Horten,Pellamonuten,1993-10-01,2020-09-21
990,Kelley,Blooman,1996-09-19,1990-09-17
991,Wang,Menhenitt,1980-07-05,2001-11-12
992,Meade,Rhodes,1983-07-29,2022-08-16
993,Beret,Mewburn,2003-04-29,2019-07-21
994,Sadye,Bausmann,1986-10-17,2006-12-07
995,Bobinette,Shulem,2002-06-30,1994-08-30
996,Kinna,O'Donnelly,1990-05-15,2014-07-21
997,Elonore,Speller,1993-10-20,2024-05-03
998,Micheal,Luckey,1991-07-04,1993-12-26
999,Monika,Pearlman,1996-11-04,2010-01-03
1000,Suzi,Gasker,1984-04-05,1996-08-12
